Node,X-Coord,Y-Coord
1,156576.391,8263416.779
3,156573.435,8263504.313
4,156738.555,8263506.399
5,156738.926,8263527.869
6,156739.480,8263549.500
7,156740.039,8263565.694
8,156740.299,8263585.741
9,156741.053,8263608.926
10,156741.333,8263623.167
11,156630.558,8263623.104
12,156641.253,8263624.044
13,156661.755,8263624.095
15,156810.538,8263645.776
16,156770.808,8264510.587
17,156811.782,8264507.589
18,156663.961,8264073.356
19,156663.808,8264063.036
20,156828.188,8264071.406
21,156890.448,8264074.218
22,156741.958,8263828.056
23,156740.848,8263753.456
24,156660.588,8263830.146
25,156702.758,8264604.057
26,156734.108,8264600.897
27,156619.267,8265110.597
28,156611.887,8265024.137
29,156837.998,8264742.497
31,156837.988,8264801.547
32,156834.388,8264801.550
33,156980.068,8264476.537
34,156977.199,8264477.136
35,156901.528,8264943.217
36,156907.708,8264975.047
37,156837.047,8265463.827
38,156837.297,8265425.277
39,156977.348,8265368.637
40,156978.948,8265255.847
41,156934.397,8265372.277
42,156937.118,8265263.527
43,157028.628,8265364.477
44,156815.459,8265724.645
45,156827.041,8265857.068
46,156841.656,8265569.035
47,156881.414,8265565.511
48,156902.245,8265563.458
49,156789.961,8265574.155
50,156810.433,8265571.906
51,157351.118,8265810.588
52,157379.358,8265807.708
53,157337.308,8265811.938
54,157299.238,8265815.888
55,157276.068,8265818.318
56,157234.608,8265822.538
57,157248.258,8265821.188
58,157439.216,8265798.215
59,157439.508,8265802.614
60,157252.090,8265534.838
61,157209.364,8265538.378
62,157520.578,8265794.668
63,157520.164,8265790.888
64,156934.783,8266369.621
65,156915.716,8266371.398
66,156720.868,8266387.521
67,157409.531,8266181.691
68,157411.965,8266207.151
69,157592.100,8266265.800
70,157547.768,8266269.673
71,156734.833,8266571.981
72,156697.454,8266575.001
73,157436.063,8266844.686
74,157523.833,8266838.366
75,157823.728,8264744.627
76,157776.028,8264740.617
77,157828.758,8264744.917
78,157698.706,8264719.086
79,157698.825,8264716.089
80,157559.359,8263560.746
81,157510.339,8263543.486
82,157600.799,8263575.026
83,157409.169,8263510.226
84,157461.239,8263527.866
85,157303.619,8263473.106
86,157357.509,8263492.226
87,157534.599,8263769.186
88,157591.639,8263143.046
89,157568.919,8263135.046
90,157619.029,8263152.626
91,157641.539,8263160.376
92,157668.389,8263168.896
93,157691.039,8263176.836
94,157674.409,8263313.685
95,157648.489,8263301.166
96,157783.269,8263971.197
97,157809.059,8263980.137
98,157757.399,8263962.417
99,157732.599,8263954.057
100,157834.829,8263660.477
101,157796.158,8263647.942
102,157884.329,8263677.727
103,157914.269,8263726.247
104,157926.109,8263691.787
105,157633.799,8263586.316
106,157630.812,8263585.131
107,157783.646,8263639.215
108,157850.459,8263448.406
109,157885.934,8263673.561
110,157945.671,8263500.164
111,157988.787,8263510.468
112,157483.244,8266297.199
113,157478.124,8266308.166
114,157446.018,8265994.331
115,157444.392,8265976.259
116,157526.342,8266371.948
117,157535.122,8266371.360
118,157458.900,8266015.682
119,157458.901,8266015.691
120,157460.804,8266036.159
121,157462.569,8266057.226
122,157464.578,8266078.864
123,157466.710,8266103.296
124,157468.264,8266119.458
125,157470.084,8266139.450
126,157471.732,8266157.193
127,157474.039,8266184.156
128,157475.642,8266202.936
129,157477.380,8266221.655
130,157479.001,8266240.873
131,157480.852,8266261.730
132,157482.525,8266279.409
133,157484.281,8266295.978
134,157484.108,8266296.750
135,157829.638,8265943.718
136,157810.839,8265945.295
137,157790.945,8265946.869
138,157772.200,8265948.888
139,157747.272,8265950.987
140,157726.876,8265952.807
141,157704.959,8265954.838
142,157688.282,8265956.195
143,157669.922,8265957.850
144,157645.456,8265960.019
145,157625.201,8265961.824
146,157607.263,8265963.569
147,157587.121,8265965.228
148,157561.978,8265966.887
149,157539.152,8265967.877
150,157515.103,8265969.073
151,157489.810,8265970.113
152,157468.569,8265971.169
153,157454.467,8265971.907
154,157886.473,8265812.601
155,157876.338,8265805.289
156,157872.586,8265802.860
157,158109.538,8263729.489
158,158110.580,8263726.386
159,157019.587,8265838.928
160,157048.847,8265836.338
161,157041.496,8266316.899
162,157088.117,8266310.942
163,157463.345,8266177.207
164,157449.506,8266028.349
165,157539.597,8266496.999
166,157526.632,8266375.639
167,157661.154,8262938.170
168,157689.599,8262948.236
169,157442.529,8263077.616
170,157439.482,8263076.618
171,157781.889,8263643.316
172,156657.723,8263505.276
173,156657.277,8263483.986
174,156656.966,8263467.377
175,156656.763,8263449.832
176,156655.739,8263429.234
177,156655.057,8263414.751
178,157716.279,8264516.877
179,157716.424,8264513.029
180,157432.806,8265716.590
181,157438.988,8265792.914
182,157731.748,8264733.977
183,157775.254,8264737.312
184,157783.221,8264738.122
185,157802.868,8264740.148
186,157824.406,8264742.578
187,157834.736,8264743.253
188,157837.087,8264743.367
189,157068.450,8264731.358
190,157044.790,8264729.148
191,157440.598,8264699.777
192,157441.138,8264694.470
193,157410.968,8264366.987
194,157406.638,8264366.600
195,157685.749,8264170.807
196,157687.174,8264167.420
197,156718.568,8264276.796
198,156718.529,8264273.787
199,157383.797,8264754.031
200,157379.640,8265810.536
201,157870.892,8265767.262
202,157872.855,8265764.541
203,157492.867,8263393.520
204,157505.809,8263355.536
205,157482.183,8263424.877
206,157439.699,8263410.706
207,157496.679,8263474.366
208,157521.625,8263403.043
209,157515.737,8263113.473
210,157585.199,8262911.576
211,157494.769,8263480.056
212,157497.180,8263480.839
213,157525.849,8263484.626
214,157533.006,8263487.365
215,157504.687,8263477.089
216,157669.423,8263165.858
217,157737.564,8262964.355
218,157565.419,8263369.596
219,157509.189,8262884.996
220,157619.908,8263150.103
221,157438.149,8263089.856
222,157466.939,8263099.926
223,157468.083,8263096.665
224,157191.389,8262990.966
225,157749.489,8263413.006
226,157713.432,8263401.974
227,157759.195,8263272.922
228,157772.050,8263234.043
229,157730.478,8263307.220
230,157744.565,8263312.506
231,157722.660,8263330.228
232,157727.073,8263317.809
233,157634.987,8263583.330
PM1.DMC.BRZ.021,157665.949,8263495.706
235,157797.619,8263429.866
236,157732.124,8263622.891
237,157699.632,8263396.508
238,157699.521,8263397.855
239,157719.660,8263338.448
240,157713.030,8263357.702
241,157701.478,8263391.714
242,157725.339,8263331.065
243,157747.409,8263338.465
244,157728.918,8263332.305
245,157721.017,8263329.529
246,157781.271,8263208.377
247,157767.867,8263203.386
248,157760.627,8263200.691
249,158246.629,8263840.547
250,158270.509,8263848.917
251,157821.872,8263984.427
252,157825.059,8263985.487
253,157890.769,8263792.717
254,157891.830,8263790.007
255,158015.525,8263430.731
256,158016.985,8263426.630
257,158013.231,8263429.948
258,157999.216,8263425.162
259,158005.732,8263406.092
260,158012.009,8263387.822
261,158020.209,8263363.606
262,158027.575,8263341.850
263,158032.284,8263327.981
264,158038.761,8263310.014
265,158048.232,8263282.122
266,158054.304,8263264.207
267,157993.377,8263497.346
268,157996.494,8263487.259
269,158003.829,8263465.960
270,158010.494,8263446.453
271,157950.393,8263408.509
272,157956.673,8263390.384
273,157963.658,8263370.964
274,157970.148,8263351.766
275,157975.313,8263336.948
276,157982.100,8263316.539
277,157988.626,8263297.744
278,157995.051,8263278.917
279,158001.582,8263260.030
280,158006.750,8263244.880
281,158012.067,8263229.406
282,158017.795,8263212.554
283,158021.953,8263200.503
284,158028.078,8263182.703
285,157975.814,8263417.127
286,157957.846,8263411.018
287,158078.035,8263196.271
288,158088.225,8263197.200
289,158241.015,8263856.992
290,158205.579,8263958.617
291,158090.391,8263786.656
292,157927.837,8263730.985
293,158053.051,8263773.845
294,157631.989,8263591.296
295,157561.513,8263778.600
296,157565.029,8263779.826
297,157237.884,8263662.992
298,157236.569,8263666.796
299,157247.049,8263636.556
300,157239.859,8263667.905
301,157597.339,8263688.626
302,157630.602,8263594.948
303,157635.571,8263592.595
304,157681.699,8263608.946
305,157683.132,8263605.362
306,157290.989,8263685.076
307,157343.729,8263703.446
308,157393.869,8263720.416
309,157443.409,8263737.426
310,157730.789,8263625.866
311,157491.739,8263987.397
312,157526.919,8263885.267
313,157465.809,8264062.367
314,157680.019,8263717.646
315,157681.693,8263714.541
316,157462.695,8264061.331
317,157455.029,8264092.497
318,157453.747,8264095.887
319,157583.156,8264132.849
320,157652.209,8263926.917
321,157528.021,8263882.255
322,157580.831,8263899.844
323,157647.839,8263706.306
324,157596.244,8263691.689
325,157699.494,8263724.340
326,157696.359,8263723.257
327,157748.859,8263742.687
328,157738.729,8264189.077
329,157799.349,8263760.137
330,157602.058,8263690.279
331,156814.998,8264068.246
332,156828.106,8264069.023
334,156659.595,8264062.856
335,156815.218,8263932.716
336,156814.985,8264066.616
339,156464.248,8264053.516
340,156522.968,8264056.256
341,156814.988,8264070.486
342,156814.998,8264078.676
343,156745.278,8263927.026
344,156745.755,8263935.127
345,156745.828,8263936.376
346,156883.488,8263648.436
347,156887.901,8263927.271
348,156815.218,8263924.166
PM1.DMC.BRZ.022,156811.181,8263683.999
350,156663.128,8263931.116
351,157165.218,8263874.026
352,157194.628,8263884.266
353,156631.754,8263640.247
354,156633.948,8263755.386
355,156634.088,8263830.146
356,156561.868,8263742.818
357,156567.310,8263649.510
358,156556.628,8263832.536
359,156550.198,8263945.626
360,156551.868,8263925.416
361,156475.168,8263832.536
362,156469.688,8263946.406
363,156548.553,8263925.394
364,156553.595,8263945.472
365,156662.079,8263939.359
366,156544.158,8264057.246
367,156634.088,8263826.186
368,156648.408,8263755.386
369,156573.504,8263504.721
370,156577.972,8263504.286
371,156601.110,8263504.824
372,156621.187,8263505.092
373,156641.423,8263505.097
374,157380.548,8264695.457
375,157388.720,8264696.099
376,157823.888,8264744.627
377,157560.238,8264930.867
378,157560.048,8264935.537
379,157397.733,8264448.627
380,157403.468,8264448.957
381,157674.378,8264717.687
382,157674.316,8264719.048
383,157392.164,8264696.374
384,157418.208,8264271.197
385,157434.508,8264180.637
386,157284.978,8264357.327
387,157296.638,8264225.947
388,157309.198,8264153.197
389,157326.948,8264083.087
390,157336.218,8264053.227
391,157354.188,8264001.517
392,157357.228,8263992.767
393,157359.588,8263983.047
394,157371.283,8263949.892
395,157233.348,8264353.267
396,157241.908,8264240.697
397,157254.648,8264160.467
398,157270.428,8264091.187
399,157305.338,8263980.577
400,157310.688,8263965.337
401,157321.537,8263932.824
402,157605.326,8264144.153
403,157634.999,8264154.147
404,157701.677,8264720.146
405,157654.558,8264716.456
406,157602.258,8264712.141
407,157548.298,8264707.691
408,157491.865,8264703.809
409,157697.812,8264515.216
410,157698.177,8264510.594
411,157715.623,8264294.771
412,157336.098,8264361.157
413,157608.047,8264291.624
414,157608.399,8264287.457
415,157551.747,8264288.065
416,157552.168,8264282.607
417,157498.884,8264285.126
418,157499.378,8264278.697
419,157480.938,8264498.227
420,157445.972,8264282.125
421,157446.668,8264274.047
422,157429.218,8264493.737
423,157423.184,8264271.694
424,157734.749,8264295.987
425,157751.929,8264193.897
426,157388.918,8264365.437
427,157698.888,8264715.507
428,157699.398,8264708.567
429,157715.829,8264522.137
430,157654.588,8264715.407
431,157654.882,8264711.896
432,157644.058,8264511.087
433,157644.312,8264507.674
434,157662.219,8264291.247
435,157661.704,8264297.004
436,157619.318,8264509.117
437,157670.859,8264514.472
438,157676.414,8264510.107
439,157705.999,8264515.897
440,157697.828,8264515.217
441,157712.953,8264516.729
442,157710.839,8264513.027
443,157702.681,8264512.317
444,157697.091,8264511.792
445,157714.439,8264529.617
446,157726.749,8264382.497
447,156983.672,8264730.341
448,157024.850,8264728.544
PM.VRP.BRZ.003,157028.865,8264728.307
450,156896.668,8264737.817
451,156816.968,8264743.577
452,156816.891,8264670.480
453,156610.448,8264525.167
454,156653.358,8264521.487
455,156555.633,8264825.834
456,156541.728,8264661.107
457,156820.384,8264670.744
458,156840.678,8264506.417
459,156846.423,8264670.612
460,157808.408,8264949.538
461,157823.928,8264758.867
462,157781.348,8264755.417
463,157777.157,8264743.473
464,157766.868,8264946.378
465,157714.738,8264942.167
466,157329.488,8265527.616
467,157316.827,8265528.825
468,157448.520,8266016.390
469,157447.167,8266004.466
470,157354.704,8266212.199
471,157358.538,8266211.849
472,157342.754,8266213.290
473,157330.803,8266214.381
474,157804.772,8265956.623
475,157816.670,8265955.058
476,157792.874,8265958.187
477,157342.520,8266211.372
478,157341.262,8266389.318
479,157338.309,8266360.550
480,157457.933,8266015.595
481,157462.143,8266015.474
484,157490.741,8265801.230
485,157502.018,8265923.728
486,157543.174,8265795.613
487,157554.478,8265917.998
488,157594.997,8265791.061
489,157606.048,8265914.098
490,157646.215,8265785.856
491,157658.088,8265909.038
492,157646.088,8265782.908
493,157624.438,8265784.878
494,157623.911,8265781.834
495,157648.875,8265785.380
496,157594.408,8265788.088
497,157571.718,8265789.918
498,156763.363,8266411.635
499,156762.097,8266398.059
500,157276.364,8265821.295
501,157003.097,8265556.207
502,157030.670,8265551.923
503,157056.219,8265549.898
504,156755.143,8266033.142
505,156743.190,8266034.201
506,156767.097,8266032.083
507,156751.408,8266412.681
508,156775.303,8266410.435
509,157620.471,8265502.467
510,157633.648,8265648.548
511,157865.552,8265487.012
512,157865.027,8265480.833
513,157864.861,8265479.416
514,157864.719,8265478.199
515,157864.402,8265475.479
516,157864.138,8265473.029
517,157864.082,8265472.518
518,157863.873,8265470.579
519,157863.158,8265462.678
520,157862.442,8265454.777
521,157860.395,8265434.420
522,157858.347,8265414.062
523,157857.273,8265404.879
524,157856.199,8265395.696
525,157854.940,8265383.483
526,157853.909,8265373.342
527,157852.878,8265363.200
528,157852.076,8265356.547
529,157851.273,8265349.894
530,157850.433,8265339.787
531,157849.592,8265329.680
532,157848.322,8265318.087
533,157847.051,8265306.493
534,157846.064,8265296.423
535,157845.077,8265286.352
536,157843.842,8265275.443
537,157842.606,8265264.534
538,157841.616,8265254.016
539,157840.626,8265243.498
540,157839.224,8265230.508
541,157837.822,8265217.517
542,157836.592,8265205.671
543,157835.361,8265193.825
544,157834.216,8265182.390
545,157833.070,8265170.955
546,157831.977,8265160.752
547,157830.884,8265150.548
548,157829.732,8265139.497
549,157828.579,8265128.445
550,157826.982,8265112.687
551,157825.601,8265099.593
552,157825.043,8265094.517
553,157823.855,8265082.709
554,157822.919,8265073.321
555,157821.983,8265063.933
556,157821.282,8265056.861
557,157820.581,8265049.788
558,157819.709,8265040.609
559,157818.836,8265031.430
560,157817.878,8265021.436
561,157816.919,8265011.442
562,157142.627,8266541.521
563,157142.971,8266548.973
564,157142.989,8266550.740
565,156936.931,8265748.681
566,156937.170,8265756.421
567,156938.924,8265774.770
568,156941.129,8265797.691
569,156942.903,8265815.230
570,156944.462,8265836.532
571,156945.192,8265842.097
572,156946.131,8265849.268
573,156921.680,8265583.431
574,156922.282,8265588.245
575,156925.804,8265623.201
576,156926.992,8265642.597
577,156928.554,8265657.883
578,156930.665,8265682.250
579,156932.718,8265702.818
580,156934.805,8265728.033
581,156912.655,8265562.611
582,156919.869,8265561.904
585,156871.957,8265357.697
586,156872.777,8265357.687
587,156930.320,8265561.039
588,156952.248,8265559.349
589,156911.339,8265562.680
590,156911.671,8265562.663
591,156911.997,8265562.646
592,156912.047,8265562.643
593,157815.879,8265011.250
594,157817.382,8265030.983
595,157817.190,8265049.547
596,157818.429,8265063.581
597,157820.720,8265082.581
598,157822.053,8265094.931
599,157822.262,8265099.326
600,157823.361,8265111.999
601,157825.090,8265128.729
602,157827.369,8265150.613
603,157829.579,8265171.337
604,157831.910,8265194.039
605,157834.768,8265217.818
606,157837.341,8265243.600
607,157839.486,8265264.996
608,157841.574,8265286.058
609,157843.560,8265306.820
610,157846.078,8265330.378
611,157847.957,8265349.281
612,157849.781,8265363.439
613,157851.637,8265383.565
614,157852.718,8265396.275
615,157854.813,8265413.690
616,157859.201,8265455.302
617,157860.628,8265470.840
618,157861.081,8265474.924
619,157861.272,8265475.857
620,157680.148,8264729.617
621,157628.028,8264725.787
622,157679.569,8264733.495
623,157679.205,8264735.930
624,157620.088,8264728.007
625,157577.728,8264724.947
626,157575.703,8264725.868
627,157573.779,8264724.661
628,157564.768,8264723.997
629,157836.391,8264747.240
630,157836.548,8264745.387
631,157979.747,8263162.156
632,157962.750,8263156.949
633,157944.800,8263150.661
634,157933.779,8263146.749
635,157900.354,8263391.031
636,157907.074,8263373.201
637,157911.471,8263360.032
638,157918.039,8263337.200
639,157925.688,8263318.869
640,157932.141,8263299.380
641,157939.742,8263277.988
642,157948.833,8263251.539
643,157957.040,8263227.327
644,157965.261,8263203.743
645,157970.906,8263186.811
646,157978.424,8263165.845
647,157529.964,8263886.280
648,157555.159,8263894.737
649,157548.719,8264704.049
650,157492.290,8264698.022
651,156872.978,8265189.357
652,156872.970,8265186.737
653,157731.027,8264740.261
654,157730.338,8264746.977
657,156690.682,8266452.431
658,156691.264,8266462.488
659,156640.622,8266043.625
660,156631.157,8266044.488
661,157900.150,8266699.878
662,157901.516,8266698.981
663,157503.685,8266317.234
664,157505.078,8266332.672
665,157536.989,8263359.116
666,157533.656,8263357.573
667,157818.939,8264003.997
668,157822.636,8264005.227
669,157362.379,8263709.896
670,157361.322,8263712.773
671,158056.667,8263900.462
672,158190.293,8263945.347
673,156700.183,8264078.134
674,156716.653,8264248.491
675,157124.712,8265432.651
676,157125.408,8265436.178
677,156933.071,8265449.487
678,156933.047,8265454.127
679,157889.876,8265814.429
680,157905.572,8265812.842
681,158225.555,8263852.038
682,158238.986,8263856.513
683,158242.876,8263857.853
684,158247.039,8263859.290
685,157166.856,8265432.849
686,157168.340,8265433.134
687,157539.571,8266371.057
688,157564.489,8266369.030
689,157170.804,8266539.905
690,157165.118,8266540.088
691,156827.307,8265860.348
692,158091.350,8263783.804
693,158222.063,8263850.845
694,157535.412,8266375.049
695,157048.485,8265833.325
696,157037.817,8265704.308
697,156578.888,8264658.097
698,156948.878,8265219.147
699,156948.457,8265175.063
700,157123.207,8265829.698
701,157123.493,8265833.511
702,156905.997,8266018.712
703,156902.685,8266018.981
704,157227.438,8266343.802
705,157227.804,8266347.285
706,157162.592,8265997.436
707,157162.922,8266001.218
708,157830.754,8265952.991
709,157830.361,8265949.352
710,157886.713,8265814.836
711,157887.279,8265814.673
712,156876.358,8264495.747
713,156876.399,8264455.949
714,157433.793,8266802.116
715,157433.783,8266799.986
716,157619.347,8266510.009
717,157618.477,8266510.009
718,157617.883,8266509.976
719,157490.397,8266561.439
720,157488.522,8266561.674
721,157900.604,8265733.826
722,157900.274,8265724.570
723,158028.008,8263845.952
724,158070.209,8263860.441
725,158171.668,8263999.584
726,158153.613,8264049.784
727,158037.785,8263954.345
728,156845.490,8265614.661
729,156847.498,8265634.768
730,156849.791,8265661.260
731,156851.834,8265684.356
732,156853.990,8265706.202
733,156809.025,8265552.544
734,156802.799,8265490.902
735,156614.437,8265484.017
736,156541.077,8265491.137
737,156653.567,8265480.537
738,156745.297,8265472.457
739,158055.128,8263900.010
740,157194.606,8263483.032
741,157238.149,8263357.646
742,156795.891,8265491.679
743,157829.769,8265944.870
744,157444.079,8265972.702
745,157478.537,8266311.600
746,157485.320,8266375.117
747,157562.189,8266641.749
748,157563.871,8266644.161
749,157562.606,8266645.687
750,157562.721,8266650.189
751,157562.769,8266652.091
752,157579.809,8263902.887
753,157811.748,8264949.758
754,157813.567,8264949.687
755,157818.900,8264950.035
756,157819.943,8264950.138
757,156813.894,8263517.877
758,156821.141,8263508.648
759,157538.389,8263355.386
760,156664.164,8263623.953
761,158029.300,8263179.155
762,157372.299,8263946.847
763,157669.186,8264521.665
764,157668.392,8264532.703
765,157901.759,8263466.106
766,157862.703,8263452.562
767,158178.763,8264035.586
768,157993.029,8263498.319
769,157991.881,8263501.194
770,157717.959,8263186.226
771,157719.122,8263182.910
772,158203.361,8263905.642
773,158047.225,8263790.603
774,157978.606,8263989.855
775,158017.789,8263694.117
776,158049.889,8263518.567
777,158116.729,8263541.757
778,158048.741,8263521.515
779,157929.036,8263727.857
780,158167.319,8264067.127
781,158007.619,8263504.636
782,157948.619,8263670.177
783,158198.149,8263756.897
784,157988.279,8264004.437
785,156412.438,8263581.796
786,156413.169,8263581.815
787,156520.458,8263584.596
788,156405.608,8263509.946
789,156406.742,8263509.949
790,156524.498,8263510.326
791,156416.028,8263616.466
792,156812.608,8264078.676
793,156819.857,8263932.170
794,156811.758,8263932.716
795,156756.238,8263935.126
796,156741.398,8263626.478
801,156682.438,8263624.398
802,156706.107,8263625.195
803,156714.945,8263625.538
804,156723.782,8263625.880
805,156759.438,8264064.816
806,156533.088,8264575.727
807,156570.888,8264572.747
808,156628.108,8264731.637
809,156621.678,8264654.577
810,156655.304,8265022.154
811,156697.528,8265018.021
812,156699.948,8265018.393
813,157434.197,8266432.947
814,157394.193,8266436.920
815,157478.997,8266428.719
816,157489.410,8266419.135
817,157229.127,8266360.218
818,157903.379,8265768.646
819,157901.295,8265742.519
820,157900.568,8265734.497
821,157072.016,8266429.547
822,157114.472,8266428.561
823,157030.408,8266432.316
824,156985.834,8266437.183
825,156992.190,8266435.152
826,157000.156,8266434.397
827,157025.571,8266432.844
828,156943.528,8266440.582
829,156979.350,8266403.053
830,156964.858,8266392.377
831,157155.164,8266387.505
832,157157.261,8266404.678
833,157135.077,8265955.718
834,157092.747,8265959.748
835,156896.177,8265457.837
836,156848.892,8266024.516
837,156796.634,8266029.550
838,157269.793,8266675.886
839,157315.003,8266672.546
840,157227.273,8266680.275
841,157317.603,8266707.686
842,156661.751,8266577.628
843,156671.728,8266576.572
844,156675.667,8266576.156
845,157224.910,8265823.372
846,157569.675,8265507.521
847,157584.178,8265652.828
848,157468.328,8265516.797
849,157481.298,8265661.738
850,157225.195,8265826.314
851,157516.998,8265511.564
852,157531.938,8265656.988
853,156790.162,8265576.554
854,157322.698,8263929.696
855,157168.113,8265828.718
856,157164.700,8265792.679
857,157161.641,8265759.738
858,157160.092,8265742.784
859,157158.383,8265722.688
860,157156.446,8265701.204
861,157154.621,8265681.330
862,157152.810,8265663.070
863,157149.991,8265632.937
864,157147.144,8265602.098
865,157144.646,8265572.874
866,157143.073,8265553.067
867,157142.437,8265547.274
868,157448.739,8263972.777
869,157470.499,8263980.157
870,157789.672,8262982.329
871,157837.090,8262998.203
872,157786.121,8262980.962
873,157639.929,8262930.826
874,157576.568,8263373.375
875,157785.975,8262992.151
876,157695.937,8263407.241
877,157915.213,8263726.576
878,157153.059,8263604.386
879,157483.709,8264101.297
880,157533.119,8264119.027
881,157402.618,8264232.487
882,157411.398,8264177.817
883,157429.928,8264113.317
884,157441.939,8264071.517
885,157718.389,8264492.187
886,157723.649,8264492.917
887,157729.628,8264751.907
888,157723.718,8264736.097
889,157662.068,8264938.127
890,157677.648,8264747.527
891,157671.438,8264731.747
892,157662.080,8264937.986
893,157611.958,8264934.277
894,157905.424,8266708.374
895,157894.531,8266691.605
896,157185.535,8263007.186
897,157728.477,8264382.494
898,157484.736,8264098.256
899,157534.192,8264115.999
900,157630.645,8263916.190
901,157701.069,8264726.850
902,157409.838,8264379.067
903,157405.801,8264378.882
904,157194.302,8265827.275
905,157212.180,8265825.668
906,157212.326,8265825.642
907,157252.560,8265541.152
908,157253.834,8265558.281
909,157255.729,8265578.945
910,157258.196,8265605.362
911,157261.175,8265638.353
912,157262.431,8265657.648
913,157265.022,8265684.295
914,157733.664,8263951.026
915,157420.719,8263963.567
916,157419.710,8263966.590
917,157225.448,8265828.758
918,157237.047,8265947.118
919,156813.988,8264466.627
920,156813.988,8264468.477
921,157287.677,8265942.208
922,156813.171,8264507.450
923,156813.192,8264506.497
924,157925.450,8263143.922
925,157611.608,8265650.388
926,157846.304,8263372.685
927,157853.143,8263353.770
928,157857.989,8263338.553
929,157865.278,8263318.139
930,157871.570,8263299.716
931,157877.923,8263281.499
932,157885.516,8263259.671
933,157891.498,8263242.201
934,157897.903,8263222.956
935,157903.783,8263206.027
936,157910.608,8263186.036
937,157914.898,8263173.196
938,157919.876,8263159.382
939,157924.515,8263146.515
940,157791.646,8263212.420
941,157798.078,8263190.612
942,157803.172,8263178.514
943,157809.684,8263160.137
944,157816.450,8263140.438
945,157821.315,8263126.332
946,157826.228,8263112.892
947,156819.525,8264070.809
948,157626.178,8264743.737
949,157707.319,8263945.647
950,157569.973,8263132.011
951,157473.431,8263981.138
952,157892.039,8263789.445
953,157804.890,8265958.217
954,156755.279,8266034.761
955,156816.380,8263032.430
956,156805.202,8263021.831
957,156791.053,8263008.176
958,156776.707,8262995.984
959,156759.314,8262983.422
960,156744.584,8262972.345
961,156730.957,8262962.679
962,156715.649,8262951.241
963,156703.396,8262941.564
964,156691.309,8262932.521
965,156677.890,8262921.241
966,156664.265,8262909.733
967,156650.998,8262898.490
968,156636.971,8262888.489
969,156623.904,8262879.855
970,156623.870,8262879.833
971,156815.300,8263625.098
972,156572.109,8263418.969
974,156572.374,8263424.674
975,156575.600,8263423.972
978,156399.118,8263429.156
979,156399.967,8263429.134
980,156405.408,8263503.266
981,156398.228,8263423.576
982,156399.500,8263423.543
983,156392.878,8263360.836
984,156475.659,8263352.842
985,156490.218,8263351.436
986,156572.208,8263344.349
987,156579.492,8263344.084
988,156814.174,8263537.347
989,156814.439,8263558.073
990,156814.848,8263579.947
991,156814.972,8263600.683
992,156815.248,8263621.194
993,156884.286,8263506.743
994,156885.262,8263534.650
995,156884.651,8263551.131
996,156885.443,8263569.970
997,156885.003,8263588.227
998,156885.536,8263601.979
999,156883.117,8263326.747
1000,156883.170,8263342.546
1001,156883.458,8263362.899
1002,156883.791,8263384.789
1003,156884.195,8263406.201
1004,156884.066,8263423.910
1005,156884.121,8263439.090
1006,156884.269,8263457.140
1007,156884.523,8263480.999
1008,156884.637,8263502.386
1009,156883.098,8263321.589
1010,156882.668,8263206.816
1011,156809.848,8263323.856
1013,156658.486,8263524.147
1014,156659.882,8263545.558
1015,156660.725,8263564.502
1016,156662.133,8263577.981
1017,156663.229,8263604.377
1018,156664.154,8263621.314
1019,156822.961,8263624.595
1020,156837.523,8263624.459
1021,156856.847,8263624.459
1022,156873.314,8263623.914
1023,156885.017,8263624.867
1024,156751.625,8263326.364
1025,156812.250,8263387.463
1026,156813.773,8263508.345
1027,156813.459,8263486.252
1028,156813.145,8263464.158
1029,156812.868,8263443.161
1030,156812.901,8263423.491
1031,156812.366,8263410.191
1032,156750.371,8263506.920
1033,156769.108,8263508.517
1034,156787.672,8263508.897
1035,156809.697,8263508.703
1036,156742.827,8263412.315
1037,156791.447,8263410.964
1038,156735.584,8263412.468
1039,156741.144,8263393.071
1040,156740.399,8263379.668
1041,156740.213,8263361.612
1042,156739.283,8263343.370
1043,156737.421,8263328.292
1044,156676.960,8263505.874
1045,156692.798,8263505.960
1046,156714.136,8263506.574
1047,156736.518,8263432.178
1048,156737.140,8263452.455
1049,156737.602,8263474.812
1050,156738.097,8263497.407
1051,156672.327,8263414.284
1052,156716.026,8263413.022
1054,156635.849,8263415.244
1055,156653.788,8263338.916
1056,156654.754,8263408.093
1057,156582.299,8263345.848
1058,156566.719,8263621.915
1059,156579.943,8263622.067
1060,156600.642,8263622.317
1061,156621.010,8263622.712
1062,156662.668,8263939.346
1063,156663.798,8263939.306
1064,156747.958,8264064.186
1065,156747.979,8264064.847
1066,156748.318,8264075.586
1068,156825.904,8263508.784
1069,156834.206,8263508.104
1070,156849.992,8263508.240
1071,156872.582,8263507.832
1072,156741.654,8263636.624
1073,156656.608,8264289.430
1074,156485.035,8264299.225
1075,156477.065,8264299.661
1076,156758.368,8264271.616
1077,156767.018,8264315.807
1078,156589.518,8264778.257
1079,156835.772,8264670.562
1080,156816.541,8264507.120
1081,156834.098,8264506.567
1082,156778.628,8264596.647
1083,156657.038,8264564.367
1084,156660.598,8264607.647
1085,156729.698,8264557.567
1086,156814.086,8264422.169
PM.VRP.BRZ.002,156813.988,8264464.677
1088,156814.227,8264332.677
1089,156814.258,8264389.138
1090,156814.276,8264310.425
1091,156812.251,8264310.715
1092,156814.287,8264308.927
1093,156700.018,8264073.816
1094,156706.338,8264646.147
1095,156782.478,8264639.957
1096,156709.438,8264676.957
1097,156711.288,8264689.697
1099,156785.838,8264682.237
1100,156754.338,8264685.707
1101,156714.208,8264723.767
1102,156767.478,8264808.147
1103,156632.238,8264774.457
1104,156717.898,8264766.767
1105,156594.087,8264824.327
1106,156681.968,8264816.227
1107,156555.867,8264827.737
1108,156559.277,8264870.357
1109,156563.667,8264913.337
1110,156685.768,8264858.737
1111,156689.328,8264901.907
1112,156732.498,8264898.187
1113,156601.627,8264909.897
1114,156574.237,8265024.247
1115,156611.607,8265019.977
1116,156608.037,8264983.007
1117,156658.967,8265065.047
1118,156586.372,8265159.751
1119,156574.857,8265028.137
1120,156662.447,8265106.767
1121,156623.677,8265156.767
1122,156715.837,8265148.537
1123,156586.407,8265160.157
1124,156590.547,8265203.097
1125,156627.697,8265199.437
1126,156631.277,8265243.177
1127,156719.387,8265191.177
1128,156818.418,8264803.577
1129,156721.958,8264812.837
1130,156771.438,8264851.067
1131,156775.498,8264894.137
1132,156738.818,8264966.947
1133,156781.708,8264963.157
1134,156741.974,8265012.709
1135,156738.568,8264972.127
1136,156746.628,8265056.107
1137,156750.087,8265098.697
1138,156797.908,8265141.237
1139,156781.938,8264968.477
1140,156840.748,8265137.367
1141,156754.317,8265145.157
1142,156756.537,8265187.857
1143,156717.077,8265235.157
1144,156674.257,8265238.867
1145,156759.917,8265231.227
1146,156841.118,8265180.147
1147,156873.598,8265133.797
1148,156971.718,8265079.627
1149,156953.688,8264981.267
1150,156910.018,8264986.217
1151,156930.198,8265087.807
1152,156873.558,8265156.407
1153,156875.590,8265188.864
1154,156904.154,8265183.881
1155,156948.968,8265261.257
1156,156898.298,8265248.497
1157,156947.128,8265175.257
1158,156938.458,8265130.987
1159,156960.848,8264980.307
1160,157058.778,8265106.667
1161,157014.028,8265249.517
1162,156998.178,8265165.457
1163,157005.858,8265207.417
1164,157042.398,8265243.597
1165,156873.748,8265073.137
1166,156876.625,8265156.404
1167,156838.028,8264792.347
1168,156885.568,8264859.367
1169,156837.608,8264863.867
1170,156895.888,8264653.727
1171,156896.418,8264696.227
1172,156977.248,8264688.567
1173,156926.528,8264649.937
1174,156969.058,8264644.967
1175,156911.888,8264577.537
1176,156876.888,8264539.857
1177,156876.608,8264583.797
1178,156953.288,8264569.957
1179,156945.518,8264526.477
1180,156876.398,8264453.867
1181,156971.832,8264434.920
1182,156960.428,8264603.627
1183,156936.988,8264484.697
1184,156959.108,8264480.477
1185,157051.778,8264844.217
1186,156893.608,8264901.107
1187,157016.758,8264889.737
1188,156908.888,8264981.547
1189,156837.946,8264805.007
1190,156896.657,8264735.237
1191,156837.996,8264745.207
1192,157024.918,8264932.287
1193,157032.098,8264968.457
1194,157060.998,8264885.497
1195,157040.928,8265014.617
1196,157084.788,8265005.487
1197,157042.218,8265021.327
1198,157050.428,8265063.747
1199,157086.438,8265011.077
1200,157095.381,8265008.860
1201,157111.788,8265142.917
1202,157068.568,8265151.637
1203,157077.768,8265193.927
1204,157086.038,8265234.707
1205,157093.928,8265275.107
1206,157137.628,8265266.307
1207,157121.398,8265185.457
1208,156731.437,8265391.447
1209,156689.077,8265395.757
1210,156774.837,8265386.937
1211,156741.717,8265433.887
1212,156779.007,8265430.217
1213,156650.337,8265442.257
1214,156646.247,8265400.207
1215,156933.377,8265416.067
1216,157031.888,8265407.598
1217,157100.258,8265309.187
1218,157057.428,8265317.187
1219,157066.408,8265361.847
1220,157110.198,8265358.538
1221,157071.918,8265403.578
1222,157154.488,8265348.868
1223,157118.048,8265398.708
1224,156857.057,8265857.698
1225,156814.867,8265861.538
1226,156776.687,8265865.338
1227,156711.287,8265870.998
1228,156689.645,8265872.741
1229,156753.267,8265867.708
1230,156723.360,8265869.988
1231,156871.497,8265460.267
1232,156871.536,8265455.328
1233,157034.804,8265439.527
1234,157168.186,8265431.658
1235,156738.374,8265577.695
1236,156765.059,8265575.871
1237,156685.847,8265583.140
1238,156696.700,8265582.133
1239,156645.090,8265590.951
1240,157111.507,8265830.708
1241,157081.417,8265833.898
1242,157099.032,8265699.073
1243,157111.603,8265697.888
1244,157075.282,8265701.088
1245,157070.577,8265701.795
1246,157029.133,8265705.569
1247,157029.091,8265705.575
1248,157018.804,8265706.220
1249,156966.111,8265710.859
1250,156984.713,8265708.941
1251,157190.619,8265790.844
1252,157189.111,8265771.694
1253,157187.346,8265754.186
1254,157185.413,8265731.521
1255,157183.173,8265708.691
1256,157181.390,8265688.056
1257,157179.392,8265663.823
1258,157177.474,8265642.726
1259,157173.365,8265599.021
1260,157171.057,8265570.891
1261,157169.314,8265554.559
1262,157348.658,8265936.478
1263,157391.228,8265932.618
1264,157234.528,8265815.738
1265,157141.884,8265542.246
1266,157098.779,8265559.692
1267,157100.085,8265576.859
1268,157102.823,8265602.571
1269,157105.691,8265632.789
1270,157107.281,8265655.157
1271,157109.162,8265675.551
1272,157057.524,8265563.296
1273,157058.779,8265576.196
1274,157063.775,8265635.256
1275,157065.912,8265658.448
1276,157068.400,8265685.496
1277,157004.162,8265567.957
1278,157008.344,8265600.700
1279,157010.366,8265621.193
1280,157012.966,8265651.286
1281,157014.604,8265671.522
1282,157017.170,8265693.417
1283,156953.828,8265572.478
1284,156955.547,8265595.648
1285,156958.296,8265625.703
1286,156960.200,8265648.326
1287,156963.047,8265677.680
1288,156965.043,8265697.313
1289,156902.870,8265549.877
1290,156902.566,8265543.684
1291,156900.593,8265519.361
1292,156897.278,8265491.333
1293,156897.316,8265489.652
1294,156906.580,8265556.428
1295,156792.144,8265600.266
1296,156793.480,8265616.584
1297,156795.537,8265640.311
1298,156798.435,8265669.711
1299,156800.486,8265690.354
1300,156802.635,8265714.403
1301,156803.771,8265725.530
1302,156738.594,8265580.677
1303,156740.150,8265601.772
1304,156742.162,8265624.668
1305,156743.814,8265644.069
1306,156745.327,8265664.351
1307,156747.151,8265685.118
1308,156749.579,8265710.509
1309,156751.517,8265730.162
1310,156686.045,8265585.727
1311,156688.037,8265611.738
1312,156691.198,8265644.234
1313,156694.137,8265673.960
1314,156697.632,8265711.219
1315,156699.743,8265734.893
1316,157425.838,8265717.368
1317,157427.565,8265653.735
1318,157378.632,8265658.531
1319,157317.093,8265679.053
1320,157334.481,8265677.517
1321,157276.516,8265682.997
1322,157227.819,8265687.370
1323,157235.024,8265687.432
1324,157274.794,8265451.159
1325,157272.896,8265451.533
1326,157282.610,8265532.235
1327,157276.911,8265472.283
1328,157189.404,8265540.298
1329,157168.149,8265541.936
1330,157355.227,8265525.157
1331,157388.578,8265522.131
1332,157330.045,8265525.467
1333,157303.749,8265530.074
1334,157429.799,8265803.602
1335,157442.553,8265802.320
1336,157490.318,8265797.718
1337,157405.179,8265520.353
1338,157355.250,8265526.682
1339,157357.626,8265551.079
1340,157359.330,8265570.016
1341,157361.840,8265595.831
1342,157363.830,8265615.625
1343,157365.597,8265636.988
1344,157367.409,8265659.838
1345,157355.233,8265525.855
1346,157303.919,8265532.046
1347,157304.507,8265538.845
1348,157307.083,8265565.928
1349,157309.019,8265588.295
1350,157310.857,8265610.378
1351,157312.656,8265630.688
1352,157314.855,8265653.973
1353,157209.573,8265540.940
1354,157221.723,8265687.679
1355,157222.238,8265675.795
1356,157220.067,8265655.411
1357,157218.515,8265637.578
1358,157215.935,8265608.854
1359,157213.125,8265581.942
1360,157211.179,8265560.643
1361,157559.328,8265654.598
1362,157542.598,8265792.658
1363,157508.448,8265659.188
1364,156756.779,8266200.542
1365,156809.492,8266195.037
1366,156754.402,8266176.350
1367,156745.411,8266073.196
1368,156764.562,8266279.777
1369,156761.842,8266259.947
1370,156713.915,8266204.854
1371,156816.239,8266275.472
1372,156869.543,8266269.496
1373,156804.810,8266276.880
1374,156721.818,8266284.463
1375,156862.774,8266191.571
1376,156860.760,8266156.076
1377,156851.338,8266052.203
1378,156873.972,8266319.300
1379,156725.582,8266332.355
1380,156752.967,8266330.061
1381,156712.890,8266194.526
1382,156705.274,8266108.157
1383,156700.747,8266056.816
1384,156699.363,8266038.102
1385,156718.688,8266257.645
1386,156725.582,8266335.355
1387,156716.613,8266336.097
1388,156671.317,8266391.733
1389,156668.902,8266366.170
1390,156653.351,8266194.169
1391,156643.912,8266089.745
1392,157571.320,8265786.028
1393,157665.566,8265494.402
1394,157665.749,8265497.522
1395,156904.896,8266049.656
1396,156912.352,8266129.389
1397,156924.594,8266260.270
1398,157112.992,8266001.866
1399,156993.494,8266012.896
1400,157437.155,8265973.213
1401,157085.361,8266263.275
1402,157084.912,8266250.672
1403,157085.046,8266243.275
1404,157087.498,8266232.666
1405,157035.284,8266238.143
1406,157091.503,8266358.139
1407,157028.512,8266165.960
1408,156973.189,8266169.350
1409,156990.707,8266169.050
1410,157016.646,8266033.992
1411,157165.341,8266021.166
1412,157166.593,8266030.884
1413,157176.707,8266144.434
1414,157175.428,8266124.665
1415,157192.199,8266348.415
1416,157190.293,8266322.062
1417,157180.513,8266198.394
1418,157167.289,8266351.365
1419,156989.972,8266366.638
1420,157015.819,8266365.352
1421,157067.278,8266360.557
1422,156975.480,8266193.345
1423,156961.059,8266040.420
1424,156975.564,8266037.487
1425,157070.593,8266030.546
1426,157112.221,8266026.432
1427,157421.476,8266206.344
1428,157428.444,8266281.386
1429,157426.495,8266257.930
1430,157422.646,8266219.882
1431,157310.031,8266291.775
1432,157343.833,8266288.717
1433,157476.722,8266320.454
1434,157314.330,8266334.527
1435,157390.184,8266208.961
1436,157176.017,8266029.698
1437,157392.505,8266001.567
1438,157394.909,8266019.799
1439,157339.667,8266005.708
1440,157342.529,8266027.007
1441,157358.296,8266200.872
1442,157305.524,8266216.850
1443,157287.938,8266025.666
1444,157287.134,8266010.532
1445,157262.722,8266220.965
1446,157254.463,8266221.758
1447,157259.184,8266202.979
1448,157255.947,8266141.929
1449,157250.081,8266076.980
1450,157246.281,8266034.940
1451,157244.482,8266014.682
1452,157207.732,8266211.168
1453,157224.876,8266209.625
1454,157236.934,8266207.998
1455,157246.484,8266206.225
1456,157252.612,8266205.073
1457,157190.957,8266018.066
1458,157192.331,8266033.233
1459,157197.727,8266092.125
1460,157206.340,8266186.111
1461,157411.235,8265998.267
1462,157358.626,8266004.695
1463,157331.519,8266006.227
1464,157276.724,8266011.502
1465,157842.639,8266046.285
1466,157856.842,8266157.155
1467,157746.414,8266096.697
1468,157738.306,8266012.597
1469,157732.600,8265963.313
1470,157751.332,8266161.110
1471,157788.015,8266157.016
1472,157795.859,8266156.537
1473,157728.937,8266097.986
1474,157693.915,8266101.703
1475,157759.567,8266251.234
1476,157707.755,8266255.648
1477,157778.003,8265960.143
1478,157498.806,8266317.679
1479,157497.922,8266304.054
1480,157487.454,8266184.534
1481,157645.297,8266304.314
1482,157590.318,8266308.958
1483,157528.035,8266315.013
1484,157642.009,8266261.440
1485,157545.796,8266245.639
1486,157540.252,8266179.913
1487,157468.529,8265987.440
1488,157461.088,8265988.458
1489,157589.870,8266244.776
1490,157580.757,8266147.173
1491,157579.207,8266131.354
1492,157628.695,8266262.459
1493,157695.939,8266127.088
1494,157695.358,8266122.232
1495,157689.424,8266055.355
1496,157682.831,8265983.047
1497,157681.106,8265968.556
1498,157642.927,8266125.366
1499,157660.765,8266123.690
1500,157627.610,8265973.342
1501,157598.013,8266128.327
1502,157624.213,8266126.315
1503,157577.678,8266111.701
1504,157575.759,8266090.123
1505,157567.321,8266000.108
1506,157565.633,8265978.939
1507,157533.894,8266116.061
1508,157530.165,8266075.751
1509,157521.505,8265982.359
1510,157472.446,8266023.432
1511,157689.515,8265967.234
1512,157580.060,8265977.011
1513,157597.550,8265975.831
1514,157609.657,8265975.007
1515,157161.940,8266528.488
1516,157162.092,8266532.854
1517,157158.391,8266425.889
1518,157115.805,8266449.200
1519,157121.543,8266533.874
1520,157121.948,8266542.427
1521,157074.520,8266458.336
1522,157081.610,8266544.664
1523,157039.259,8266546.692
1524,157037.987,8266527.597
1525,157032.009,8266452.708
1526,156986.641,8266457.973
1527,156989.794,8266531.563
1528,156990.870,8266549.978
1529,156947.086,8266554.334
1530,156946.635,8266534.143
1531,156944.650,8266462.241
1532,156903.272,8266558.367
1533,156903.480,8266546.370
1534,156900.686,8266466.697
1535,156899.648,8266443.822
1536,156855.796,8266447.435
1537,156856.819,8266468.413
1538,156859.794,8266542.090
1539,156860.453,8266562.318
1540,156814.368,8266452.086
1541,156815.161,8266465.907
1542,156818.170,8266549.846
1543,156818.542,8266565.047
1544,156771.507,8266456.080
1545,156772.709,8266470.692
1546,156776.047,8266548.371
1547,156776.721,8266568.916
1548,156727.631,8266459.383
1549,156729.297,8266486.537
1550,156732.863,8266546.506
1551,156692.348,8266482.910
1552,156696.015,8266550.003
1553,157142.621,8266541.366
1554,157162.584,8266540.180
1555,156824.325,8266449.871
1556,156736.715,8266457.931
1557,156748.353,8266457.161
1558,156656.309,8266455.069
1559,156653.351,8266421.261
1560,157655.854,8266349.337
1561,157659.174,8266380.897
1562,157668.425,8266380.044
1563,157724.798,8266455.439
1564,157572.237,8266499.759
1565,157564.397,8266403.319
1566,157563.557,8266379.489
1567,157618.147,8266496.809
1568,157605.506,8266353.265
1569,157288.238,8266394.036
1570,157387.758,8266384.370
1571,157482.384,8266375.395
1572,157563.282,8266357.092
1573,157488.952,8266374.749
1574,157490.277,8266501.269
1575,157485.517,8266454.589
1576,157486.416,8266446.696
1577,157675.758,8266538.719
1578,157583.908,8266653.932
1579,157582.362,8266642.752
1580,157907.117,8266710.850
1581,157878.704,8266668.509
1582,157228.287,8266522.858
1583,157224.007,8266476.718
1584,157222.987,8266452.628
1585,157240.587,8266674.999
1586,157231.677,8266583.849
1587,157292.187,8266669.159
1588,157285.537,8266580.019
1589,157343.447,8266663.209
1590,157397.707,8266658.539
1591,157331.657,8266523.899
1592,157451.057,8266653.899
1593,157381.977,8266518.649
1594,157280.057,8266530.319
1595,157272.537,8266446.878
1596,157322.789,8266442.849
1597,157375.665,8266438.898
1598,157440.197,8266514.649
1599,157714.773,8266347.965
1600,157824.398,8266338.688
1601,157876.558,8266335.099
1602,157443.477,8266557.879
1603,157489.827,8266554.219
1604,157497.407,8266649.669
1605,157504.697,8266648.859
1606,157553.637,8266644.889
1607,157584.687,8266642.579
1608,157630.957,8266637.799
1609,157622.297,8266544.199
1610,157684.607,8266631.619
1611,157739.748,8266626.519
1612,157733.478,8266464.279
1613,157777.468,8266525.409
1614,157784.668,8266533.729
1615,157791.248,8266621.289
1616,157806.080,8266620.087
1617,157805.798,8266543.949
1618,157849.786,8266616.557
1619,157320.823,8266751.126
1620,157191.543,8266683.815
1621,157325.013,8266810.456
1622,157205.102,8266860.996
1623,157202.452,8266821.206
1624,157518.923,8266755.906
1625,157603.785,8266749.548
1626,157636.333,8266830.136
1627,157328.213,8266851.016
1628,157472.353,8266799.726
1629,157521.673,8266795.866
1630,157437.966,8266882.376
1631,157281.033,8266814.166
1632,157240.183,8266817.876
1633,157330.883,8266891.406
1634,157207.832,8266901.936
1635,157421.063,8266663.536
1636,157463.223,8266660.956
1637,157569.034,8266651.594
1638,157512.053,8266656.116
1639,157525.733,8266876.486
1640,157650.463,8266868.226
1641,157603.093,8266747.596
1642,157733.198,8264736.887
1643,157731.407,8264737.383
1644,157729.251,8264736.547
1645,157681.578,8264732.547
1646,157677.631,8264732.220
1647,157629.628,8264728.667
1648,157627.649,8264729.917
1649,157625.679,8264728.378
1650,157836.888,8264742.077
1651,157837.549,8264734.037
1652,157836.248,8264733.927
1653,157836.245,8264745.369
1654,157557.418,8264930.657
1655,157820.363,8264950.121
1656,157573.678,8264740.317
1657,157707.698,8264709.237
1658,157703.434,8264707.894
1659,157702.318,8264720.217
1660,157404.821,8264491.702
1661,157456.928,8264496.447
1662,157508.388,8264500.767
1663,157534.288,8264503.257
1664,157591.478,8264507.547
1665,157563.328,8264506.107
1666,157602.602,8264708.498
1667,157397.237,8264498.996
1668,157397.918,8264491.207
1669,157555.846,8264505.556
1670,157713.287,8264523.552
1671,157706.518,8264719.777
1672,157700.999,8264707.417
1673,157399.838,8264491.287
PM.VRP.BRZ.001,157401.508,8264471.814
1675,157242.698,8263901.296
1676,157295.968,8263920.126
1677,157396.989,8263955.347
1678,157346.939,8263937.857
1679,157477.189,8263532.256
1680,157702.015,8264717.060
1681,157654.638,8264715.557
1682,157521.406,8263767.642
1683,157468.889,8263746.146
1684,157467.708,8263749.670
1685,157418.615,8263733.056
1686,157366.494,8263714.797
1687,157314.265,8263697.068
1688,157264.737,8263679.825
1689,157265.839,8263676.716
1690,157315.459,8263693.676
1691,157367.589,8263711.676
1692,157419.969,8263729.506
1693,157493.169,8263754.306
1694,157522.599,8263764.736
1695,157494.348,8263750.817
1696,157555.709,8263496.216
1697,157595.729,8263379.836
1698,157493.179,8263109.136
1699,157514.639,8263116.496
1700,157543.329,8263126.306
1701,157450.799,8263232.726
1702,157396.239,8263214.566
1703,157500.179,8263249.726
1704,157549.109,8263266.676
1705,157598.789,8263283.806
1706,157727.744,8263189.415
1707,157695.534,8263299.567
1708,157728.595,8263202.555
1709,157582.289,8264135.937
1710,157849.829,8263778.357
1711,157604.649,8263911.287
1712,157711.671,8263326.407
1713,157689.123,8263318.664
1714,157394.887,8263217.750
1715,157681.769,8263936.817
1716,157629.459,8263919.177
1717,157812.415,8263120.240
1718,157804.871,8263140.472
1719,157799.379,8263156.841
1720,157795.539,8263167.711
1721,157788.281,8263187.627
1722,157796.621,8263115.236
1723,157801.520,8263101.070
1724,157876.129,8263126.768
1725,157859.580,8263121.073
1726,157834.699,8263112.771
1727,157827.249,8263110.099
1728,157796.551,8263355.468
1729,157776.829,8263348.677
1730,157757.692,8263341.884
1731,157912.339,8263139.389
1732,157886.057,8263130.547
1733,157830.961,8263367.245
1734,157818.233,8263362.761
1735,157854.240,8263375.161
1736,157932.239,8263401.980
1737,157914.227,8263395.842
1738,158054.035,8263188.043
1739,158038.686,8263182.647
1740,157939.521,8263480.141
1741,157982.375,8263495.221
1742,157950.980,8263484.652
1743,157682.728,8263933.777
1744,157801.944,8263100.118
1745,157019.944,8265842.629
1746,157031.647,8265965.788
1747,156639.758,8264256.386
1748,156642.176,8264282.085
1749,156744.188,8263935.126
1750,157388.602,8264697.462
1751,157836.601,8264748.332
1752,157835.647,8264761.169
1753,157834.158,8264781.158
1754,157831.473,8264802.818
1755,157829.848,8264823.431
1756,157827.895,8264850.621
1757,157826.873,8264865.355
1758,157825.435,8264884.020
1759,157824.163,8264910.581
1760,157822.759,8264929.045
1761,157822.041,8264938.711
1762,157821.323,8264948.377
1763,157821.278,8264949.382
1764,157821.233,8264950.386
1765,157820.534,8264958.702
1766,157819.834,8264967.018
1767,157819.016,8264979.217
1768,157818.197,8264991.415
1769,157817.558,8265001.429
1770,157700.597,8264731.306
1771,156645.624,8265596.952
1772,156648.218,8265626.050
1773,157329.961,8265524.737
1774,157405.002,8265517.970
1775,157416.429,8265516.796
1776,157432.667,8265515.297
1777,157457.265,8265513.140
1778,157472.842,8265511.419
1779,157500.364,8265509.039
1780,157550.371,8265504.870
1781,157569.566,8265502.696
1782,157587.647,8265500.829
1783,157609.502,8265499.054
1784,157623.912,8265500.568
1785,157645.067,8265496.517
1786,157653.419,8265495.143
1787,157167.841,8265539.678
1788,157167.995,8265540.807
1789,157066.216,8265549.019
1790,157082.233,8265547.610
1791,157097.757,8265546.244
1792,157029.721,8264733.636
1793,157697.485,8266126.904
1794,157148.724,8265830.900
1795,156650.685,8265653.609
1796,156652.398,8265675.264
1797,156654.376,8265696.830
1798,156657.153,8265727.279
1799,156659.009,8265746.427
1800,156661.481,8265773.966
1801,156663.945,8265800.181
1802,156665.712,8265819.490
1803,156667.433,8265842.215
1804,156670.879,8265874.161
1805,156670.960,8265874.844
1806,156902.906,8264974.964
1807,156745.087,8265018.907
1808,156707.410,8264676.967
1809,157552.358,8264722.867
1810,157999.548,8263500.712
1811,156737.607,8263327.734
1812,156734.657,8263216.904
1813,156808.518,8263213.116
1814,156724.258,8263327.916
1816,157394.218,8264378.317
1817,156826.477,8265983.828
1818,156815.267,8265864.919
1819,156868.337,8265980.188
1820,156857.363,8265861.500
1821,156941.895,8265748.508
1822,157247.906,8265817.856
1823,157298.944,8265812.567
1824,157286.909,8265681.780
1825,157337.676,8265814.544
1826,157350.864,8265807.027
1827,157338.860,8265677.057
1828,156835.512,8264792.293
1829,156815.913,8264466.204
1830,157304.795,8263469.799
1831,157803.611,8263101.804
1832,158007.191,8263171.831
1833,157989.189,8263165.846
1834,157626.688,8264739.417
1835,157678.398,8264743.757
1836,157783.768,8264743.573
1837,157783.690,8264744.508
1838,157783.619,8264745.339
1839,157783.539,8264746.521
1840,157860.768,8265478.637
1841,157857.245,8265478.859
1842,157842.368,8265480.528
1843,157817.950,8265482.805
1844,157800.099,8265484.388
1845,157781.681,8265485.998
1846,157755.927,8265488.147
1847,157736.236,8265489.979
1848,157724.472,8265491.118
1849,157624.838,8265502.006
1850,157648.507,8265496.734
1851,157416.597,8265519.152
1852,157432.706,8265517.664
1853,157457.431,8265515.625
1854,157468.152,8265514.691
1855,157293.288,8265421.687
1856,157288.599,8265421.933
1857,157267.103,8265423.844
1858,157247.933,8265425.778
1859,157228.504,8265427.737
1860,157206.294,8265429.565
1861,157387.572,8265512.045
1862,157386.936,8265504.360
1863,157386.035,8265488.192
1864,157384.642,8265471.209
1865,157383.455,8265456.741
1866,157380.783,8265437.660
1867,157380.155,8265424.904
1868,157378.613,8265413.745
1869,157388.429,8265519.990
1870,157189.153,8265537.486
1871,157189.181,8265537.483
1872,157200.031,8265536.537
1873,157218.896,8265534.947
1874,157256.237,8265531.153
1875,157273.228,8265529.777
1876,157277.968,8265529.415
1877,157724.338,8265489.738
1878,157724.258,8265488.562
1879,157874.263,8265800.061
1880,157872.186,8265800.288
1881,157870.190,8265800.506
1882,157871.720,8265796.431
1883,157871.732,8265796.527
1884,157872.194,8265800.337
1885,157872.354,8265801.366
1886,157862.544,8265770.528
1887,157869.641,8265770.287
1888,157870.943,8265767.808
1889,157887.930,8265751.373
1890,157892.660,8265750.969
1891,156841.949,8265572.312
1892,156843.255,8265586.883
1893,156776.352,8265861.109
1894,156765.237,8265728.678
1895,157822.104,8264927.929
1896,157820.639,8264947.361
1897,157345.918,8264244.837
1898,157349.108,8264217.647
1899,157358.988,8264161.037
1900,157380.648,8264081.077
1901,157389.688,8264057.267
1902,157393.848,8264044.697
1903,157922.416,8263690.720
1904,157836.568,8263656.371
1905,157545.872,8263362.394
1906,157397.555,8263211.371
1907,157432.483,8263106.816
1908,157732.397,8263191.011
1909,157755.576,8263198.966
1910,157803.182,8263336.482
1911,157809.650,8263318.789
1912,157815.573,8263300.512
1913,157822.531,8263281.286
1914,157829.233,8263261.277
1915,157834.887,8263244.827
1916,157840.323,8263229.013
1917,157848.818,8263204.476
1918,157854.421,8263188.144
1919,157862.791,8263164.324
1920,157870.378,8263142.305
1921,157875.002,8263129.813
1922,157485.684,8266380.316
1923,157886.973,8265820.906
1924,157886.879,8265817.216
1925,157288.572,8266397.799
1927,157035.238,8265444.868
1928,156949.259,8265849.049
1929,156961.284,8265848.208
1930,156978.202,8265846.552
1931,157807.802,8266289.000
1932,157805.397,8266262.749
1933,157797.651,8266176.413
1934,156874.270,8265459.992
1935,157388.107,8266387.700
1936,156666.376,8266392.183
1937,156636.317,8266394.918
1938,158052.078,8263776.673
1939,157489.364,8266379.926
1940,158035.287,8263373.583
1941,158052.563,8263323.869
1942,158066.121,8263282.461
1943,157807.987,8263082.766
1944,157814.421,8263063.901
1945,157819.175,8263050.532
1946,157826.589,8263029.801
1947,157832.744,8263011.282
1948,158076.969,8263199.156
1949,156920.022,8265564.517
1950,157636.144,8264151.110
1951,156818.125,8264800.168
1952,156825.164,8263931.626
1953,156746.768,8263935.126
1954,156744.711,8263935.127
1955,156828.068,8264066.846
1956,156828.137,8264070.806
1957,157185.987,8266679.959
1958,157181.355,8266680.134
1959,156609.565,8262870.656
1960,156593.745,8262860.596
1961,156581.899,8262852.500
1962,156568.519,8262843.316
1963,156556.333,8262834.027
1964,156543.465,8262824.671
1965,156528.876,8262815.861
1966,156512.406,8262806.678
1967,156501.367,8262800.231
1968,156480.898,8262788.787
1969,156465.086,8262779.764
1970,156448.304,8262775.395
1971,157964.742,8264051.147
1972,157854.019,8264011.037
1973,157971.109,8264053.387
1974,157888.019,8264290.557
1975,158202.649,8263957.433
1976,158293.219,8263790.177
1977,158197.278,8263759.129
1978,158016.635,8263696.837
1979,156890.190,8264058.816
1980,156887.901,8263932.578
1981,156808.021,8263624.947
1982,156551.001,8263619.533
1983,156567.543,8263615.903
1984,156567.474,8263599.436
1985,156568.699,8263577.254
1986,156569.380,8263557.521
1987,156570.741,8263533.025
1988,156571.421,8263510.571
1989,156571.589,8263506.956
1990,156553.981,8263506.157
1991,156570.286,8263506.956
1992,156552.165,8263510.503
1993,156570.196,8263510.367
1994,156406.127,8263503.280
1995,156759.678,8264075.846
1996,156620.008,8264071.356
1997,156620.008,8264074.816
1998,156582.297,8263345.583
1999,156481.468,8263249.976
2000,156564.228,8263242.751
2001,156570.204,8263344.519
2002,156481.710,8263252.784
2003,156522.938,8264068.256
2004,156672.928,8264073.456
2005,156672.948,8264063.233
2006,156673.188,8263938.816
2007,156573.572,8263487.098
2008,157836.442,8264729.109
2009,157867.089,8264355.257
2010,156476.728,8264299.006
2011,157027.481,8264719.225
2012,157025.698,8264719.517
2013,157048.868,8264829.337
2014,157026.688,8264726.237
2015,157027.255,8264730.156
2016,157027.757,8264733.452
2017,156873.021,8265191.977
2018,156614.013,8264568.937
2019,156973.020,8264434.708
2020,156980.795,8264432.973
2021,157027.584,8264720.632
2022,156530.068,8264532.257
2023,156725.648,8264515.087
2024,156652.615,8264987.083
2025,156652.207,8264979.537
2026,156789.650,8264967.865
2027,157003.832,8264593.935
2028,157000.251,8264594.671
2029,157026.617,8264714.851
2030,157047.148,8264829.607
2031,157474.079,8266291.106
2032,157861.671,8266285.064
2033,157828.917,8266287.457
PM2.UDA.BRZ.003,157857.756,8266202.232
2035,157292.812,8266445.370
2036,157703.367,8266298.567
2037,157221.213,8266344.444
2038,157218.504,8266318.170
2039,157209.148,8266224.039
2040,157283.635,8266337.597
2041,157243.277,8266342.169
2042,157261.322,8266296.180
2043,157312.997,8266324.890
2044,157310.320,8266300.589
2045,157223.147,8266015.582
2046,156815.101,8266259.806
2047,156807.681,8266171.920
2048,156797.644,8266056.607
2049,156827.032,8266194.509
2050,156684.594,8266418.527
2051,156895.624,8266398.346
2052,156706.513,8266388.408
2053,157123.808,8266148.789
2054,157122.560,8266134.970
2055,157115.875,8266056.023
2056,157146.151,8266146.959
2057,157131.008,8266228.464
2058,157129.055,8266211.710
2059,157137.537,8266307.288
2060,157134.613,8266280.406
2061,157085.945,8266217.895
2062,157072.048,8266045.273
2063,156723.082,8265867.310
2064,156722.627,8265860.628
2065,157158.433,8265829.807
2066,157111.117,8265827.304
2067,157099.959,8265709.681
2068,157081.594,8265837.364
2069,156709.274,8265734.399
2071,156944.999,8265849.453
2072,156916.277,8265848.348
2073,156938.336,8265849.828
2074,156978.377,8265853.862
2075,156988.467,8265969.538
PM1.UDA.BRZ.001,156722.327,8265992.668
2077,156764.537,8265989.928
2078,156903.607,8265702.918
2079,156916.041,8265845.548
2080,156997.599,8265837.450
2081,156986.833,8265708.628
2082,156997.842,8265844.881
2083,156640.577,8265343.457
2084,156994.560,8265845.189
2085,156602.817,8265346.997
2086,156646.227,8265400.007
2087,156811.866,8265724.990
2088,156758.745,8265729.555
2089,156708.426,8265734.433
2090,156864.725,8265705.063
2091,156868.702,8265460.436
2092,157902.968,8266710.119
2093,157818.298,8266672.009
2094,157820.799,8266671.897
2095,157586.897,8266654.459
2096,157573.736,8266643.404
2097,157172.597,8266527.578
2098,157186.097,8266680.949
2099,157436.287,8266464.939
2100,157636.093,8266829.546
2101,157423.363,8266698.716
2102,157425.423,8266742.076
2103,157169.197,8266527.868
2104,157535.749,8262894.526
2105,157870.253,8265772.187
2106,157870.977,8265771.362
2107,157872.201,8265769.968
2108,157872.324,8265769.828
2109,157872.465,8265769.667
2110,157872.598,8265769.516
2111,157872.778,8265769.311
2112,157873.057,8265768.993
2113,157873.580,8265768.398
2114,157873.759,8265768.193
2115,157873.944,8265767.982
2116,157874.136,8265767.765
2117,157874.307,8265767.569
2118,157875.629,8265766.063
2119,157876.414,8265765.169
2120,157877.214,8265764.259
2121,157877.865,8265763.517
2122,157878.364,8265762.916
2123,157879.000,8265762.149
2124,157879.614,8265761.408
2125,157880.149,8265760.763
2126,157880.725,8265760.068
2127,157887.360,8265752.062
2128,157867.196,8265778.975
2129,157873.225,8265757.439
2130,157880.280,8265748.677
2131,157880.284,8265748.672
2132,157880.568,8265748.320
2133,157882.581,8265745.820
2134,157882.684,8265745.696
2135,157883.693,8265744.487
2136,157885.844,8265741.927
2137,157887.122,8265740.406
2138,157887.658,8265739.662
2139,157888.508,8265738.902
2140,157860.219,8265476.581
2141,157857.218,8265476.757
2142,157842.093,8265478.329
2143,157817.559,8265480.354
2144,157799.870,8265481.724
2145,157781.377,8265483.404
2146,157755.795,8265485.728
2147,157735.830,8265487.443
2148,157863.322,8265779.295
2149,157866.508,8265779.066
2150,157866.852,8265779.021
2151,157868.310,8265778.833
2152,157869.172,8265777.932
2153,157864.488,8265787.807
2154,157863.701,8265782.064
2155,157863.663,8265781.807
2156,157387.413,8264711.466
2157,157575.948,8264722.207
2158,157574.708,8264735.887
2159,157868.547,8265789.096
2160,157869.838,8265796.650
2161,157873.753,8265796.194
2162,157895.650,8265825.160
2163,157898.392,8265853.421
2164,157901.047,8265877.393
2165,157884.937,8263385.587
2166,157865.678,8263379.097
2167,157421.418,8264271.517
2168,157420.728,8264271.447
2169,157456.941,8264093.083
2170,156576.370,8263418.578
2171,156576.259,8263421.995
2172,156567.509,8263616.345
2173,156759.422,8264065.393
2174,156744.094,8263623.211
2175,156752.920,8263623.192
2176,156774.009,8263623.908
2177,156794.811,8263624.889
2178,156529.584,8264522.947
2179,156529.447,8264521.698
2180,156528.734,8264522.947
2181,156490.456,8264525.450
2182,156470.061,8264301.499
2183,156476.101,8264300.470
2184,156476.804,8264300.359
2185,157401.935,8264466.833
2186,156574.115,8263236.656
2187,156573.755,8263232.201
2188,156582.351,8263344.010
2189,156581.288,8263328.292
2190,156580.167,8263324.995
2191,156579.038,8263325.046
2192,156578.520,8263325.091
2193,156816.779,8264517.773
2196,156476.771,8264299.694
2197,157892.351,8265748.353
2198,157892.204,8265747.108
2199,157892.059,8265745.879
2200,157891.967,8265745.105
2201,156847.472,8264668.443
2202,156847.523,8264670.642
2203,156843.146,8264505.723
2204,156843.138,8264499.723
2207,156572.752,8265161.014
2208,156571.258,8265161.140
2209,156609.348,8265880.391
2210,156626.824,8265878.601
2211,156653.324,8265876.410
2212,156606.847,8265880.680
2213,157485.828,8266381.809
2214,157489.516,8266381.514
2215,157491.860,8266406.102
2216,157491.860,8266416.636
2217,157485.775,8266381.513
2218,157489.453,8266381.123
2219,157182.861,8265431.716
2220,157026.642,8264714.975
2221,157064.475,8266915.455
2222,157064.504,8266916.123
2223,157064.666,8266918.169
2224,157048.994,8266605.809
2225,157049.230,8266609.773
2226,157050.206,8266620.605
2227,157051.799,8266637.727
2228,157053.077,8266651.170
2229,157044.774,8266559.771
2230,157045.143,8266563.468
2231,157045.984,8266573.388
2232,157046.091,8266574.211
2233,157047.194,8266587.005
2234,157047.588,8266591.382
2235,157065.783,8266930.105
2236,157077.226,8266914.343
2237,157192.357,8266822.905
2238,157196.367,8266867.676
2239,157073.974,8266878.829
2240,157069.461,8266834.055
2241,157200.032,8266903.444
2242,157065.620,8266789.184
2243,157184.305,8266732.975
2244,157188.933,8266777.694
2245,157061.617,8266744.183
2246,157057.344,8266697.674
2247,157176.353,8266639.986
2248,157180.405,8266686.256
2249,157172.114,8266594.819
2250,157167.243,8266548.087
2251,157151.875,8266550.131
2252,157134.899,8266551.663
2253,157060.945,8266558.226
2254,158011.224,8265527.723
2255,158015.661,8265563.866
2256,158008.949,8265509.212
2257,158005.586,8265473.788
2258,157818.870,8265493.509
2259,157786.153,8265496.650
2260,157754.820,8265499.312
2261,157862.844,8265524.481
2262,157849.848,8265525.926
2263,157832.708,8265527.207
2264,157806.678,8265529.944
2265,157785.830,8265531.847
2266,157759.579,8265534.965
2267,158094.329,8265754.166
2268,158161.652,8265747.004
2269,158100.614,8265809.410
2270,158167.017,8265802.044
2271,158170.508,8265837.874
2272,158030.460,8265906.372
2273,158029.644,8265898.274
2274,158027.177,8265873.962
2275,158024.906,8265852.375
2276,158033.432,8265852.009
2277,157756.686,8265677.915
2278,157755.084,8265660.346
2279,157752.590,8265635.845
2280,157781.973,8265632.904
2281,157764.029,8265634.815
2282,157891.058,8265689.536
2283,157892.850,8265706.152
PM1.PCM.BRZ.004,157894.679,8265723.119
2285,157959.612,8265569.385
2286,158080.019,8265623.009
2287,158034.165,8265627.786
2288,158115.824,8265619.567
2289,158114.659,8265610.442
2290,158079.730,8265613.845
2291,157946.770,8265683.050
2292,157929.511,8265685.007
2293,157912.260,8265686.964
2294,157939.460,8265616.319
2295,157941.933,8265639.062
2296,157944.594,8265662.139
2297,157904.785,8265619.781
2298,157923.002,8265617.962
2299,157984.616,8265810.702
2300,158005.548,8265808.602
2301,158019.541,8265806.671
2302,157959.432,8265569.403
2303,157963.424,8265604.599
2304,157954.178,8265515.175
2305,158038.135,8265673.818
2306,158022.395,8265675.278
2307,157998.479,8265677.685
2308,157986.025,8265679.126
2309,157971.409,8265680.816
2310,157986.834,8265831.685
2311,157989.107,8265853.192
2312,157990.443,8265868.541
2313,157991.678,8265882.733
2314,157993.365,8265896.517
2315,157994.927,8265909.284
2316,158044.080,8265814.563
2317,158020.718,8265817.333
2318,158015.281,8265762.799
2319,158017.703,8265786.614
2320,157788.742,8265699.871
2321,157805.009,8265697.937
2322,157820.298,8265696.138
2323,157831.924,8265694.950
2324,157832.901,8265694.833
2325,157772.842,8265701.389
2326,157951.579,8265729.646
2327,157954.167,8265754.871
2328,157955.531,8265770.362
2329,157956.451,8265780.816
2330,157957.943,8265794.481
2331,157959.958,8265812.938
2332,157938.752,8265731.285
2333,157923.654,8265732.748
2334,158011.552,8265723.892
2335,157989.221,8265726.287
2336,157976.130,8265728.268
2337,157950.335,8265480.086
2338,158019.269,8265598.493
2339,158019.306,8265598.488
2340,157883.141,8265724.787
2341,157866.335,8265726.644
2342,157846.348,8265728.967
2343,157832.183,8265730.094
2344,157808.304,8265732.709
2345,157791.845,8265734.410
2346,157779.057,8265735.719
2347,157758.555,8265737.955
2348,157755.394,8265717.195
2349,157755.124,8265703.506
2350,157938.578,8265606.904
2351,157899.863,8265610.912
2352,157935.070,8265572.267
2353,157877.905,8265578.378
2354,157928.797,8265517.090
2355,157873.319,8265523.502
2356,157953.479,8265605.522
2357,157965.130,8265858.188
2358,157962.875,8265858.525
2359,157939.192,8265861.106
2360,157919.106,8265862.846
2361,157906.491,8265864.002
2362,157897.256,8265864.738
2363,157873.789,8265867.902
2364,157849.013,8265870.444
2365,157828.929,8265872.760
2366,157808.003,8265874.809
2367,157789.294,8265876.386
2368,157772.613,8265877.792
2369,157894.369,8265830.078
2370,157911.820,8265828.181
2371,157925.669,8265826.676
2372,157925.467,8265482.675
2373,157870.240,8265488.520
2374,158043.191,8265720.237
2375,158027.688,8265722.028
2376,158013.454,8265744.103
2377,158062.432,8265718.356
2378,158089.736,8265715.651
2379,158042.635,8265713.104
2380,158062.997,8265467.466
2381,158101.957,8265464.323
2382,157847.135,8265581.121
2383,157814.274,8265584.987
2384,157764.895,8265590.202
2385,157731.434,8265593.283
2386,157732.196,8265605.074
2387,157735.708,8265628.306
2388,157722.637,8265503.189
2389,157724.630,8265519.790
2390,157725.994,8265538.341
2391,157846.835,8265693.488
2392,157860.627,8265692.156
2393,157879.679,8265690.454
2394,157878.035,8265832.329
2395,157861.860,8265833.896
2396,157846.718,8265835.362
2397,157820.811,8265838.175
2398,157799.115,8265840.444
2399,157782.915,8265842.311
2400,157769.527,8265843.853
2401,157778.628,8265930.000
2402,157798.443,8265927.911
2403,157821.602,8265925.470
2404,157840.401,8265923.583
2405,157862.458,8265921.368
2406,157880.291,8265919.457
2407,157901.177,8265917.218
2408,158206.319,8265834.223
2409,158125.556,8265712.060
2410,158157.922,8265708.728
2411,158193.077,8265705.003
2412,158118.199,8265641.747
2413,157910.336,8265670.651
2414,157908.684,8265656.642
2415,157907.335,8265643.170
2416,157905.938,8265629.229
2417,157897.071,8265736.557
2418,157924.544,8265816.676
2419,158107.888,8265516.817
2420,157770.217,8265852.874
2421,157949.080,8265704.323
2423,157751.118,8265626.320
2424,158070.176,8265521.256
2425,157899.802,8265897.417
2426,157899.487,8265892.872
2427,157898.424,8265877.562
2428,157668.060,8265543.570
2429,157683.636,8265542.270
2430,157711.391,8265539.666
2431,157981.513,8265780.735
2432,157978.324,8265750.888
2433,157916.271,8265734.036
2434,157918.436,8265753.249
2435,157919.594,8265763.524
2436,157922.149,8265788.026
2437,157923.043,8265798.722
2438,157692.487,8265596.934
2439,158039.878,8265759.969
2440,158198.994,8265766.182
2441,157676.801,8265634.268
2442,157684.062,8265633.533
2443,157697.646,8265632.080
2444,157717.579,8265630.182
2445,157941.394,8265814.746
2446,157775.439,8265904.997
2447,157961.535,8265825.304
2448,157964.005,8265848.705
2449,158023.667,8265840.061
2450,158013.582,8265907.755
2451,158039.764,8265709.218
2452,158026.773,8265710.544
2453,158013.326,8265711.917
2454,157997.217,8265713.651
2455,157974.852,8265715.815
2456,157973.284,8265698.703
2457,158040.616,8265693.871
2458,158037.183,8265659.327
2459,158021.549,8265619.785
2460,157783.913,8265654.675
2461,157786.016,8265674.648
2462,157826.235,8265627.748
2463,157805.629,8265629.576
2464,157831.985,8265683.970
2465,157829.951,8265661.502
2466,157828.310,8265646.591
2467,157925.467,8265482.675
2468,157881.303,8265706.566
2469,157293.147,8265420.332
2470,157206.603,8265431.929
2471,157521.733,8265512.091
2472,157521.511,8265509.986
2473,157625.090,8265502.584
2474,157438.293,8265973.145
2475,157438.485,8265974.138
2476,157473.970,8265514.184
2477,157474.067,8265515.007
2478,157860.803,8265782.034
2479,158118.217,8265640.315
2480,158119.812,8265640.991
2481,158125.956,8265638.116
2482,158216.811,8265612.474
2483,158231.316,8265600.716
2484,158256.082,8265578.805
2485,158258.202,8265573.978
2486,157861.392,8265476.444
2487,157891.684,8265741.472
2488,157891.521,8265739.377
2490,156814.267,8264405.527
2498,157679.654,8265494.632
2499,157665.160,8265509.149
2500,157681.261,8265508.492
2501,157703.846,8265506.490
2502,157682.349,8265492.759
2503,157683.429,8265492.650
2504,157693.817,8265491.472
2505,157715.449,8265489.414
2506,157682.712,8265494.884
2507,157679.628,8265494.596
2508,156664.559,8266605.442
2509,156666.497,8266632.759
2510,156668.694,8266656.557
2511,156670.992,8266680.931
2512,156672.687,8266703.868
2513,156674.550,8266724.658
2514,156677.229,8266755.554
2515,156679.495,8266781.261
2516,156682.155,8266810.425
2517,156684.565,8266839.222
2518,156686.355,8266864.337
2519,156689.157,8266894.712
2520,156691.752,8266928.033
2521,156693.965,8266952.481
2522,156696.595,8266982.245
2523,156699.073,8267012.582
2524,156701.663,8267045.158
2525,156702.882,8267063.402
2526,156704.602,8267093.014
2527,156707.021,8267132.189
2528,156708.559,8267159.469
2529,156712.032,8267174.959
2530,156719.967,8267204.980
2531,156721.696,8267215.201
2532,156722.582,8267225.414
2533,156724.628,8267255.020
2534,156726.744,8267283.774
2535,156727.708,8267305.848
2536,156729.433,8267338.858
2537,156731.310,8267365.111
2538,156734.453,8267403.112
2539,156737.128,8267423.831
2540,156742.018,8267435.751
2541,156747.714,8267452.113
2542,156752.081,8267485.858
2543,156754.863,8267506.191
2544,156759.236,8267535.514
PM1.UDA.BRZ.003,156763.300,8267567.342
2546,156765.996,8267586.296
2547,156765.958,8267587.448
2548,156766.118,8267589.436
2549,156776.675,8267584.770
2550,157875.907,8265615.246
2551,157877.141,8265625.339
2552,157878.959,8265648.040
2553,157881.709,8265671.853
2554,157882.915,8265686.119
2555,157935.118,8265572.261
2556,157958.937,8265569.461
2557,157929.296,8265517.053
2558,157953.686,8265515.212
2559,157925.969,8265482.623
2560,157949.355,8265480.188
2561,157940.938,8265481.064
2562,157940.936,8265480.558
2563,157940.513,8265481.109
2564,157953.876,8265605.485
2565,157953.640,8265605.507
2566,157517.090,8265511.555
2567,157520.485,8265511.228
2568,157625.068,8265502.135
2569,156476.745,8264299.198
2570,156477.052,8264299.048
2571,156476.739,8264299.079
2572,157468.238,8265515.716
2573,157516.931,8265510.341
2574,157517.006,8265510.915
2575,157569.608,8265506.704
2576,157569.636,8265507.047
2577,157620.446,8265502.185
2578,157620.458,8265502.323
2579,157861.343,8265478.601
2580,156942.712,8265748.425
2582,156564.848,8263619.806
2583,156567.338,8263619.849
2584,156567.440,8263617.978
2585,158071.817,8263267.552
2586,158090.616,8263214.862
2587,158095.288,8263199.898
2588,158024.196,8263406.371
2589,158028.819,8263392.598
2590,158069.854,8263218.406
2591,157754.338,8263319.934
2592,157762.950,8263294.467
2593,157769.236,8263276.705
2594,157775.243,8263259.578
2595,157751.282,8263294.176
2596,157700.759,8263398.255
2597,157121.965,8265543.991
2598,157136.338,8265542.654
2599,157136.412,8265542.649
2600,157137.527,8265542.567
2601,157388.356,8265519.314
2602,157227.669,8265687.369
2603,156920.865,8265574.140
2604,157332.794,8265524.464
2605,157352.615,8265522.608
2606,157369.275,8265521.047
2607,157384.109,8265519.657
2608,157150.598,8265541.184
2609,156795.416,8265491.474
2610,156897.216,8265488.416
2611,157272.431,8265451.448
2612,157355.793,8265526.506
2613,157357.292,8265526.266
2614,158042.200,8265708.958
2615,157963.962,8265729.080
2616,157758.534,8265703.165
2617,157888.475,8265736.588
2618,157887.698,8265731.120
2619,157891.518,8265739.362
2620,157889.907,8265731.057
2621,157886.089,8265685.760
2622,157891.689,8265736.540
2623,157896.965,8265853.574
2624,157901.832,8265885.922
2625,157902.702,8265895.384
2626,157903.011,8265904.170
2627,157905.681,8265931.136
2628,157906.102,8265934.976
2629,157887.326,8265825.903
2630,157887.762,8265820.844
2631,157890.569,8265820.684
2632,157889.336,8265814.470
2633,157907.818,8265812.615
2634,157916.257,8265732.783
2635,157938.619,8265730.138
2636,157949.081,8265728.668
2637,156565.366,8263639.757
2640,156869.124,8263121.278
2641,156866.668,8263112.918
2642,156865.281,8263107.726
2643,156861.361,8263096.127
2644,156853.723,8263081.860
2645,156843.238,8263067.263
2646,156833.904,8263053.047
2647,156822.264,8263038.361
2648,156822.037,8263026.454
2649,156834.158,8263016.598
2650,156846.280,8263005.452
2651,156858.265,8262993.103
2652,156870.469,8262979.206
2653,156882.255,8262965.653
2654,156891.398,8262953.936
2655,156903.860,8262940.360
2656,156917.134,8262924.836
2657,157884.651,8265671.631
2658,157883.183,8265659.722
2659,157881.714,8265647.813
2660,157880.845,8265636.406
2661,157879.976,8265624.998
2662,157879.519,8265619.875
2663,157878.340,8265614.966
2664,157877.732,8265605.421
2665,157872.812,8265559.623
2666,157868.057,8265511.842
2667,157862.533,8265487.495
2668,157865.176,8265511.731
2669,157870.022,8265560.024
2670,157874.655,8265605.316
2671,157863.408,8265488.710
2672,157871.751,8265613.562
2673,157868.572,8265579.105
2674,157677.746,8265642.078
2675,157681.498,8265671.745
2676,157684.458,8265704.289
2677,157687.068,8265732.986
2678,157664.328,8265509.149
2679,157665.149,8265508.762
2680,157672.520,8265783.188
2681,157691.592,8265782.491
2682,157856.406,8265615.394
2683,157825.908,8265617.965
2684,157781.417,8265622.897
2685,157674.762,8265618.070
2686,157673.230,8265598.835
2687,157666.331,8265533.066
2688,157664.344,8265514.742
2689,157727.738,8265554.775
2690,157679.133,8265493.325
2691,157866.607,8265561.327
2692,157671.257,8265585.103
2693,157669.527,8265568.219
2694,157665.041,8265507.325
2695,157663.033,8265498.129
2696,157665.788,8265497.924
2697,157663.894,8265507.605
2698,157664.000,8265512.198
2699,157664.105,8265516.791
2700,157665.800,8265531.604
2701,157667.976,8265550.244
2702,157668.799,8265566.963
2703,157670.699,8265583.289
2704,157672.333,8265596.826
2705,157673.977,8265616.627
2706,157676.195,8265632.607
2707,157741.492,8265592.217
2708,157859.060,8265489.601
2709,157842.542,8265491.073
2710,157689.078,8265756.297
2711,157861.402,8265511.878
2712,157859.115,8265489.598
2713,156566.597,8263625.322
2715,156815.388,8263683.829
2716,156568.438,8263619.772
2717,156600.553,8263619.559
2718,156630.442,8263620.792
2719,156641.731,8263621.195
2720,156682.761,8263621.202
2721,156706.175,8263621.990
2722,156723.803,8263622.885
2723,157505.167,8266333.668
2724,156952.384,8265560.466
2725,157003.154,8265556.845
2726,157056.309,8265550.824
2727,157097.841,8265547.352
2728,157208.006,8266902.921
2729,157209.585,8266911.909
2730,157437.589,8263091.274
2731,157432.889,8263105.281
2732,157389.518,8264696.162
2734,156808.605,8263178.889
2736,156443.819,8263043.031
PM.VRP.BRZ.005,156883.697,8263180.548
2740,157444.083,8265972.702
2741,157455.244,8265980.932
2742,157456.843,8265996.346
2743,157905.669,8265936.142
2744,157904.618,8265936.680
2745,157901.761,8265937.101
2746,157884.638,8265938.666
2747,157863.225,8265940.489
2748,157844.667,8265942.346
2749,157819.104,8264966.574
2750,157817.303,8264990.981
2751,157715.590,8265491.978
2752,157694.070,8265493.540
2753,157683.802,8265494.778
PM.VRP.BRZ.004,157184.636,8265431.620
2756,157550.929,8265508.129
2757,157500.245,8265511.634
2759,157378.280,8265413.346
2760,157377.882,8265413.336
2761,157357.612,8265415.641
2762,157331.007,8265418.113
2763,157311.112,8265419.864
2764,157588.104,8265504.809
2765,157609.841,8265502.616
2766,157296.281,8265527.852
2767,157303.997,8265527.173
2768,157185.205,8263008.099
2769,157028.478,8264738.137
30,156541.414,8264828.862
482,156539.727,8264828.963
483,156594.151,8264822.726
1098,156721.734,8264810.292
2205,156767.564,8264805.951
2735,156883.114,8263169.941
2754,156882.928,8263163.892
2770,156622.989,8265156.058
2771,156754.620,8265143.333
2773,156798.202,8265139.387
2774,156870.737,8265131.460
2776,156871.009,8265134.454
2777,156983.400,8264728.164
2778,157028.616,8264726.626
2,156948.736,8265176.994
14,156998.809,8265167.687
333,157112.357,8265145.349
337,156904.145,8265185.765
338,156948.736,8265178.483
583,156940.266,8265178.483
584,157179.441,8266680.132
655,157492.641,8263110.261
656,157542.807,8263127.293
797,157591.391,8263144.046
798,157641.371,8263161.264
799,157690.792,8263177.645
800,157732.302,8263193.281
973,157991.579,8263994.460
976,156894.220,8265491.631
ERE.BRZ.001,157859.253,8265770.058
RAP.BRZ.001,157860.740,8265778.978
EBO.BRZ.001,157858.037,8265782.357